{
 "Х": 0.13019390581717452,
 "Ь": 0.0997229916897507,
 "Б": 0.09418282548476455,
 "Ч": 0.0664819944598338,
 "t": 0.06509695290858726,
 "1": 0.062326869806094184,
 "А": 0.054016620498614956,
 "Ы": 0.05124653739612189,
 "<": 0.029085872576177285,
 "Д": 0.027700831024930747,
 " ": 0.024930747922437674,
 "Щ": 0.0221606648199446,
 "\n": 0.0221606648199446,
 "Ъ": 0.02077562326869806,
 "Я": 0.019390581717451522,
 "Ф": 0.019390581717451522,
 "И": 0.019390581717451522,
 ">": 0.018005540166204988,
 "5": 0.01662049861495845,
 "7": 0.01662049861495845,
 "К": 0.01662049861495845,
 "2": 0.015235457063711912,
 "Е": 0.013850415512465374,
 "r": 0.013850415512465374,
 "Л": 0.012465373961218837,
 "Й": 0.0110803324099723,
 "О": 0.0110803324099723,
 "М": 0.009695290858725761,
 "Ш": 0.008310249307479225,
 "8": 0.004155124653739612,
 "4": 0.002770083102493075,
 "У": 0.0013850415512465374
}